day_index,date,calories_in,protein_g,carbs_g,fat_g,steps,sleep_hrs,weight_kg
1,2026-09-01,2450,170,260,75,9200,7.5,82.4
2,2026-09-02,2380,180,240,70,10500,7.0,82.3
3,2026-09-03,2300,175,225,68,9800,8.0,82.1
4,2026-09-04,2250,185,210,65,11200,6.5,81.9
5,2026-09-05,2700,165,330,80,8400,7.5,82.2
6,2026-09-06,2200,190,190,62,12000,8.0,81.8
7,2026-09-07,2150,180,185,60,10800,7.0,81.6
8,2026-09-08,2250,175,215,65,9500,7.5,81.5
9,2026-09-09,2180,185,200,60,10100,7.0,81.3
10,2026-09-10,2300,170,225,72,8900,6.5,81.4
11,2026-09-11,2100,195,175,58,11500,7.5,81.1
12,2026-09-12,2600,160,310,78,9200,8.5,81.5
13,2026-09-13,2150,185,190,62,12500,7.0,81.0
14,2026-09-14,2120,180,180,60,10400,7.5,80.8
15,2026-09-15,2200,175,205,64,9600,6.5,80.7
16,2026-09-16,2180,185,195,62,10200,7.0,80.5
17,2026-09-17,2050,190,165,58,11800,7.5,80.3
18,2026-09-18,2100,180,180,60,10900,8.0,80.2
19,2026-09-19,2650,165,320,75,8500,7.0,80.6
20,2026-09-20,2150,190,185,62,11000,7.5,80.1
21,2026-09-21,2080,185,175,60,10500,7.0,79.9
22,2026-09-22,2120,175,190,62,9800,6.5,79.8
23,2026-09-23,2050,190,165,58,12200,8.0,79.6
24,2026-09-24,2200,180,200,64,9400,7.5,79.5
25,2026-09-25,2100,185,180,60,10800,7.0,79.4
26,2026-09-26,2550,170,290,74,8800,8.5,79.7
27,2026-09-27,2050,190,160,58,11600,7.0,79.2
28,2026-09-28,2000,195,155,56,12400,7.5,79.0
29,2026-09-29,2150,180,185,62,10100,7.0,78.9
30,2026-09-30,2080,185,170,60,11300,7.5,78.8
